{"mean": [8259.109375, 132.05299377441406, 383.39312744140625, 120.06317901611328, 62.092594146728516, 7.866556167602539, 2.654047727584839, 57.090179443359375, 87.48798370361328, 109.9499282836914, 99.64656066894531, 97.55046081542969], "std": [4470.5029296875, 127.4686050415039, 6.479212284088135, 115.37127685546875, 16.648881912231445, 12.428339004516602, 1.0591914653778076, 16.747772216796875, 5.956862926483154, 29.47434425354004, 1.5960482358932495, 0.6017028093338013]}