{"mean": [17.211973190307617, 0.4100036323070526, 95.7243423461914, 597.3610229492188, 1467.0357666015625, 1260.9564208984375, 359.7299499511719, 2273.82958984375, 8677.5537109375, 44.2120475769043, 338.7898254394531, 2349.645263671875, 8088.951171875, 9.054747581481934, 360.69879150390625, 25.94270896911621, 15.565701484680176], "std": [16.527936935424805, 0.3679370880126953, 12.35900592803955, 42.47838592529297, 118.17489624023438, 136.29965209960938, 174.13328552246094, 142.42617797851562, 374.6562805175781, 3.4263315200805664, 164.19296264648438, 111.16690063476562, 80.62300109863281, 0.751578688621521, 31.021333694458008, 11.691385269165039, 7.015045166015625]}