{"mean": [8259.109375, 132.05299377441406, 383.39312744140625, 120.06317901611328, 62.092594146728516, 7.866556167602539], "std": [4470.5029296875, 127.4686050415039, 6.479212284088135, 115.37127685546875, 16.648881912231445, 12.428339004516602]}